session_id,gesture_id,result,bias_gx,bias_gz,proc_gx,proc_gy,proc_gz,proc_btn,acc_v,acc_h,peak_v_pos,peak_v_neg,peak_h_pos,peak_h_neg,mag_v,mag_h,flags,flags_text,n_frames,duration_ms,latency_ms,t_press_ms,t_release_ms,t_pic_ms,peak_raw_gx,peak_raw_gz,mean_gx,mean_gz,std_gx,std_gz,max_abs_gx,max_abs_gz,min_gx,max_gx,min_gz,max_gz,mean_gy,std_gy,cal_bias_computed_gx,cal_bias_computed_gz,frame_00_gx,frame_00_gy,frame_00_gz,frame_00_t_ms,frame_01_gx,frame_01_gy,frame_01_gz,frame_01_t_ms,frame_02_gx,frame_02_gy,frame_02_gz,frame_02_t_ms,frame_03_gx,frame_03_gy,frame_03_gz,frame_03_t_ms,frame_04_gx,frame_04_gy,frame_04_gz,frame_04_t_ms,frame_05_gx,frame_05_gy,frame_05_gz,frame_05_t_ms,frame_06_gx,frame_06_gy,frame_06_gz,frame_06_t_ms,frame_07_gx,frame_07_gy,frame_07_gz,frame_07_t_ms,frame_08_gx,frame_08_gy,frame_08_gz,frame_08_t_ms,frame_09_gx,frame_09_gy,frame_09_gz,frame_09_t_ms,frame_10_gx,frame_10_gy,frame_10_gz,frame_10_t_ms,frame_11_gx,frame_11_gy,frame_11_gz,frame_11_t_ms,frame_12_gx,frame_12_gy,frame_12_gz,frame_12_t_ms,frame_13_gx,frame_13_gy,frame_13_gz,frame_13_t_ms,frame_14_gx,frame_14_gy,frame_14_gz,frame_14_t_ms,frame_15_gx,frame_15_gy,frame_15_gz,frame_15_t_ms,frame_16_gx,frame_16_gy,frame_16_gz,frame_16_t_ms,frame_17_gx,frame_17_gy,frame_17_gz,frame_17_t_ms,frame_18_gx,frame_18_gy,frame_18_gz,frame_18_t_ms,frame_19_gx,frame_19_gy,frame_19_gz,frame_19_t_ms,frame_20_gx,frame_20_gy,frame_20_gz,frame_20_t_ms,frame_21_gx,frame_21_gy,frame_21_gz,frame_21_t_ms,frame_22_gx,frame_22_gy,frame_22_gz,frame_22_t_ms,frame_23_gx,frame_23_gy,frame_23_gz,frame_23_t_ms,frame_24_gx,frame_24_gy,frame_24_gz,frame_24_t_ms,frame_25_gx,frame_25_gy,frame_25_gz,frame_25_t_ms,frame_26_gx,frame_26_gy,frame_26_gz,frame_26_t_ms,frame_27_gx,frame_27_gy,frame_27_gz,frame_27_t_ms,frame_28_gx,frame_28_gy,frame_28_gz,frame_28_t_ms,frame_29_gx,frame_29_gy,frame_29_gz,frame_29_t_ms
20260320_123537,1,?,-9,63,-157,72,45,0,152,-128,56,92,7,17,92,17,0x28,VDOM|CHOSE_V,30,596.1,0.16,3210.1,3806.19,3806.36,157,70,-8.87,58.13,40.48,7.71,157,70,-157,47,45,70,36.63,15.8,,,34,60,68,0.0,39,30,70,16.37,47,40,52,32.6,18,23,66,65.25,-7,34,46,82.46,-5,41,63,100.36,12,51,50,130.24,11,43,63,130.48,-4,19,56,159.35,-14,26,68,177.28,-5,21,67,212.31,6,33,56,212.43,9,20,66,240.02,13,33,69,257.02,29,16,61,292.04,24,28,58,303.23,-2,29,51,319.04,-4,30,53,336.85,-23,38,54,353.13,-13,25,54,388.18,-2,34,59,400.15,-5,31,64,416.17,-7,22,61,433.28,-11,36,49,467.04,-20,29,59,478.91,-22,35,65,495.11,-45,59,59,528.23,-61,78,46,544.47,-101,63,46,578.18,-157,72,45,596.1
20260320_123537,2,?,-9,63,-74,54,52,0,59,-97,74,40,10,20,74,20,0x28,VDOM|CHOSE_V,29,556.61,17.94,4332.67,4889.28,4907.21,74,73,-8.72,59.14,25.98,6.64,74,73,-74,65,43,73,30.52,20.89,,,42,-41,60,0.0,65,-2,62,29.96,18,7,73,30.2,-15,29,54,59.82,-15,42,60,77.77,-29,26,68,95.06,-11,25,66,124.61,-12,47,57,142.54,-11,40,52,159.67,-1,35,65,170.49,-12,25,57,202.63,8,27,65,236.54,5,35,59,269.89,-7,29,64,270.07,-11,29,55,282.65,-1,42,59,300.58,-3,24,56,317.74,0,43,65,335.33,2,20,53,365.27,-8,24,65,383.21,0,28,68,395.16,-11,13,59,413.07,-7,25,63,442.96,-3,32,59,460.98,-23,35,54,478.87,-46,59,47,508.76,-49,72,43,526.73,-44,61,55,538.65,-74,54,52,556.61,,,,
20260320_123537,3,?,-9,63,37,47,48,0,120,-186,70,28,10,23,70,23,0x28,VDOM|CHOSE_V,27,524.09,0.18,5418.13,5942.22,5942.4,61,73,-2.63,55.52,19.93,7.28,61,73,-37,61,40,73,28.56,12.78,,,61,1,64,0.0,33,30,52,28.05,4,17,60,45.72,-3,24,62,79.37,11,5,61,79.58,-11,10,50,111.33,-20,35,55,111.44,-37,45,45,144.15,-8,36,65,156.17,-28,42,61,173.15,-15,21,57,207.85,3,26,53,208.05,-11,23,40,237.11,-2,22,56,254.35,0,33,57,283.22,-10,36,55,299.81,-6,39,60,316.98,-5,30,49,333.99,0,36,55,351.01,2,22,51,379.0,-1,25,49,396.93,-18,33,48,414.48,-7,26,73,444.36,-10,13,53,462.27,-15,38,53,474.0,-15,56,67,490.34,37,47,48,524.09,,,,,,,,,,,,
20260320_123537,4,R,-9,63,-16,36,-1742,0,804,-9894,171,16,6,2264,171,2264,0x54,H>TH|HDOM|CHOSE_H,26,492.44,16.78,6519.93,7012.37,7029.15,162,2201,21.77,-386.85,45.03,786.34,162,2201,-25,162,-2201,69,25.08,28.87,,,25,30,64,0.0,22,23,56,11.98,17,5,66,45.98,-2,29,69,61.44,-10,20,53,78.43,-5,33,55,94.21,-4,55,53,128.25,-7,48,54,128.42,-1,49,49,155.95,-2,36,53,189.43,-6,27,66,204.84,-16,23,62,221.24,1,0,66,238.31,16,19,61,254.95,26,22,40,266.22,35,48,11,302.12,60,38,-536,314.06,131,-34,-2028,332.04,162,-41,-1859,349.58,42,-10,-845,382.81,52,0,-16,399.11,-17,44,57,415.43,-25,105,-81,441.86,79,13,-1685,458.79,9,34,-2201,475.49,-16,36,-1742,492.44,,,,,,,,,,,,,,,,
20260320_123537,5,?,-9,63,-11,45,8,0,-67,-143,20,34,1,17,34,17,0x28,VDOM|CHOSE_V,23,447.81,16.1,7491.35,7939.16,7955.26,43,64,-12.87,54.17,15.09,11.11,43,64,-43,11,8,64,39.0,20.74,,,11,8,53,0.0,11,36,63,34.9,-18,41,59,46.83,-11,38,58,81.97,-29,26,58,93.81,-35,33,55,111.78,0,34,59,128.07,-6,38,53,144.68,-2,25,58,160.13,-6,25,49,194.12,-6,33,60,205.76,-23,34,57,222.07,-19,39,63,239.74,-4,21,56,273.37,7,31,55,290.59,-4,31,60,301.91,-11,34,53,319.93,-6,35,64,349.76,-23,28,59,367.79,-31,81,51,385.49,-37,97,46,413.72,-43,84,49,430.06,-11,45,8,447.81,,,,,,,,,,,,,,,,,,,,,,,,,,,,
20260320_123537,6,?,-9,63,36,9,-2101,0,-4,-956,53,41,0,484,53,484,0x50,HDOM|CHOSE_H,25,479.17,17.84,8335.99,8815.16,8833.01,50,2101,-7.8,-127.48,20.57,529.26,50,2101,-50,44,-2101,63,33.6,21.88,,,-7,15,61,0.0,44,5,56,35.18,3,30,47,35.34,-7,30,47,63.17,-11,38,34,79.11,-19,44,50,95.48,-14,41,51,111.72,-4,28,53,129.49,-10,39,45,162.13,-6,27,55,178.67,1,27,49,211.17,-2,28,33,223.26,-13,22,27,239.5,6,21,9,257.22,8,18,11,289.4,1,23,8,306.23,-2,14,17,323.77,-9,40,36,335.71,-14,13,60,353.48,-21,36,61,383.39,-43,62,41,401.32,-42,87,63,431.23,-50,97,-421,431.4,-20,46,-1579,467.16,36,9,-2101,479.17,,,,,,,,,,,,,,,,,,,,
20260320_123537,7,?,-9,63,-15,90,54,0,14,-138,54,11,8,35,54,35,0x28,VDOM|CHOSE_V,22,413.47,0.09,9167.02,9580.49,9580.58,45,71,-7.64,54.73,14.22,10.7,45,71,-20,45,28,71,37.0,17.42,,,45,-2,28,0.0,1,17,41,17.24,-2,35,45,35.14,-19,45,49,47.17,-18,42,39,83.14,-20,26,51,94.78,-14,34,66,112.41,-13,51,56,142.35,-5,35,50,159.53,-8,53,62,159.67,-18,32,54,195.07,-5,33,57,207.03,-5,35,66,242.94,-7,21,66,254.85,-20,34,71,272.79,-16,23,50,290.78,-18,29,48,318.99,-17,38,61,336.21,-2,49,62,366.07,6,42,69,383.49,2,52,59,401.4,-15,90,54,413.47,,,,,,,,,,,,,,,,,,,,,,,,,,,,,,,,
20260320_123537,8,?,-9,63,-31,100,-78,0,-17,-791,25,35,4,106,35,106,0x50,HDOM|CHOSE_H,22,431.34,0.12,9917.49,10348.83,10348.96,44,78,-11.64,17.64,15.01,40.29,44,78,-44,16,-78,67,34.14,21.11,,,-44,16,23,0.0,12,-7,67,33.31,-26,4,55,49.67,-12,38,56,66.76,-16,45,52,83.72,-10,24,40,94.78,16,23,29,111.49,6,24,9,145.46,-16,35,-15,162.71,3,40,-36,174.98,-4,31,-33,208.8,-21,39,-39,224.66,-13,46,-43,241.86,-2,33,28,253.71,-4,42,36,285.93,-11,42,44,303.13,4,28,23,319.12,-9,18,31,353.68,-21,28,45,371.31,-27,37,63,383.31,-30,65,31,401.42,-31,100,-78,431.34,,,,,,,,,,,,,,,,,,,,,,,,,,,,,,,,
20260320_123537,9,?,-9,63,-98,55,53,0,-151,-3314,129,110,2,959,129,959,0x50,HDOM|CHOSE_H,27,508.69,0.13,10653.01,11161.69,11161.83,127,896,-25.89,-93.41,51.93,287.93,127,896,-127,120,-896,78,33.96,19.32,,,14,-4,-816,0.0,120,-14,-896,16.18,36,21,-116,34.44,40,16,-95,46.32,24,11,-321,81.3,15,29,-612,98.29,8,10,-572,109.25,-23,42,-179,126.05,-43,38,48,143.94,-57,36,78,173.87,-32,35,60,173.97,0,55,50,208.88,-6,32,58,220.88,-22,47,57,238.35,-38,44,57,270.56,-35,31,57,288.26,-27,31,65,305.35,-32,37,57,333.25,-28,64,51,333.44,-18,46,59,368.17,-46,49,69,397.35,-41,44,53,413.63,-83,25,50,429.28,-119,30,53,446.45,-127,33,66,479.74,-81,74,44,479.94,-98,55,53,508.69,,,,,,,,,,,,
20260320_123537,10,?,-9,63,-78,138,33,0,-163,-40,197,91,11,22,197,22,0x28,VDOM|CHOSE_V,26,513.86,16.81,11496.44,12010.3,12027.1,188,74,-18.5,59.77,47.54,8.51,188,74,-100,188,33,74,37.38,25.39,,,-33,-17,68,0.0,188,28,74,35.07,-3,9,55,52.26,-15,30,41,68.68,-18,43,53,85.26,-26,45,62,96.69,-26,31,68,130.08,-18,29,59,147.5,-26,34,60,163.21,-37,34,58,195.81,-24,35,67,212.81,-32,35,67,229.15,-7,37,62,240.67,-8,36,63,275.04,-21,32,67,291.76,-17,39,59,321.59,-8,37,62,338.71,-19,25,63,355.96,-13,25,65,367.91,-5,34,61,385.85,-20,24,51,402.74,-19,41,61,433.7,-39,47,55,451.66,-57,52,62,479.88,-100,69,58,480.26,-78,138,33,513.86,,,,,,,,,,,,,,,,
20260320_123537,11,?,-9,63,-191,66,41,0,-206,-103,53,144,12,21,144,21,0x28,VDOM|CHOSE_V,27,513.08,30.01,12312.34,12825.42,12855.43,191,75,-19.33,58.74,57.71,8.6,191,75,-191,128,41,75,39.7,15.52,,,128,52,69,0.0,44,24,60,17.85,34,15,75,35.79,27,29,54,47.16,28,54,49,82.4,-3,68,58,94.32,-43,52,54,111.17,-54,23,65,128.29,-39,25,64,144.99,-17,34,66,194.6,-4,45,54,194.78,-12,44,54,206.74,-8,32,60,222.99,-20,33,50,239.97,-18,37,54,274.13,-6,35,71,286.03,2,38,52,303.35,-13,30,70,338.79,-16,40,59,350.4,-21,27,57,366.78,-21,40,69,400.96,-18,38,69,418.52,-31,19,57,430.45,-27,32,57,465.14,-70,69,56,465.29,-153,71,42,495.15,-191,66,41,513.08,,,,,,,,,,,,
20260320_123537,12,?,-9,63,-193,34,53,0,-294,-96,14,192,16,23,192,23,0x28,VDOM|CHOSE_V,26,510.43,17.92,13225.14,13735.56,13753.49,208,79,-28.54,58.42,55.07,8.43,208,79,-208,5,40,79,37.04,17.3,,,5,30,79,0.0,-13,34,60,28.87,5,33,40,45.63,-7,24,56,62.21,-15,21,56,97.38,-12,13,62,109.38,-17,31,51,127.34,-2,20,55,165.24,-1,44,55,177.27,-3,39,53,189.19,0,29,62,207.11,-12,28,53,224.27,-25,34,65,235.58,-18,42,59,252.36,-23,22,65,285.72,-15,32,66,303.11,-15,38,63,319.46,-17,43,50,348.38,-24,30,54,365.95,2,30,60,383.9,3,35,65,395.89,-10,51,68,413.99,-26,38,71,443.78,-93,66,56,476.64,-201,55,43,476.74,-208,101,52,510.43,,,,,,,,,,,,,,,,
20260320_123537,13,?,-9,63,-112,117,51,0,-316,-132,48,138,7,15,138,15,0x28,VDOM|CHOSE_V,30,595.05,11.94,14004.44,14599.49,14611.43,147,70,-23.3,57.73,39.4,6.63,147,70,-147,39,48,70,35.57,18.95,,,20,4,68,0.0,39,13,56,17.18,1,32,65,50.85,0,28,62,67.7,6,34,56,79.1,-4,20,68,95.72,-6,36,53,129.86,-8,40,65,145.82,-11,27,55,163.7,-23,36,48,193.46,-21,34,60,193.68,-16,20,51,222.62,-26,37,68,238.86,-21,29,59,275.11,-5,37,52,291.3,4,34,58,303.13,-16,29,60,320.98,-15,35,55,338.91,-7,30,64,350.97,-10,24,57,386.01,-13,20,54,403.88,-5,31,67,415.03,-18,48,53,448.84,-23,39,57,466.88,-31,43,70,477.8,-52,51,50,510.28,-65,59,50,525.93,-147,35,48,543.93,-114,45,52,560.94,-112,117,51,595.05
20260320_123537,14,?,-9,63,112,33,59,0,-36,-138,65,60,12,19,65,19,0x28,VDOM|CHOSE_V,28,545.76,32.66,14881.3,15427.06,15459.72,158,75,-16.43,57.64,35.27,8.4,158,75,-158,56,44,75,35.32,11.26,,,56,12,58,0.0,24,18,75,17.15,1,15,54,53.19,8,27,72,64.51,-4,39,59,81.1,4,31,64,115.61,6,44,52,132.58,-6,38,48,161.04,-3,48,44,178.05,-18,36,63,178.15,-14,41,73,211.14,-12,32,59,228.87,-14,27,62,240.01,-10,32,69,257.17,-4,27,51,289.84,-21,36,57,307.71,-18,37,64,323.54,-20,33,68,355.06,-5,33,50,372.03,-27,26,55,388.84,-23,28,46,400.15,-12,36,49,436.43,-19,37,53,448.14,-26,40,57,466.12,-34,49,57,484.21,-42,53,55,512.96,-69,55,51,528.44,-158,59,49,545.76,,,,,,,,
20260320_123537,15,?,-9,63,-176,51,44,0,-9,-70,37,63,10,15,63,15,0x28,VDOM|CHOSE_V,30,577.79,12.13,15714.49,16292.28,16304.41,176,73,-14.8,60.1,35.71,6.55,176,73,-176,28,44,73,34.07,15.88,,,19,-25,59,0.0,28,5,66,34.93,16,34,63,35.05,13,34,54,46.72,-1,43,73,82.23,-6,46,65,111.84,-11,43,59,111.93,-3,40,63,141.77,-17,31,57,159.73,-4,34,62,176.35,-3,26,63,192.74,-5,20,62,220.8,-6,33,67,238.15,-7,29,52,255.43,-20,36,65,272.77,-2,32,63,289.15,-10,40,63,318.71,-15,36,55,334.72,-19,21,59,368.1,3,20,64,396.38,-3,26,49,396.58,-9,34,59,413.0,-8,36,62,430.89,-13,43,72,448.81,-12,43,57,478.68,-26,50,65,496.68,-28,52,55,508.59,-47,56,58,526.53,-72,53,48,560.79,-176,51,44,577.79
20260320_123537,16,?,-9,63,-227,187,35,0,-86,-34,36,98,17,16,98,17,0x28,VDOM|CHOSE_V,27,527.84,0.12,16578.31,17106.15,17106.27,227,80,-20.96,60.19,47.51,8.83,227,80,-227,27,35,80,39.74,34.64,,,7,-31,62,0.0,27,20,80,11.92,6,12,49,29.82,2,23,59,46.82,-14,23,65,64.1,-22,48,53,91.62,-20,52,67,107.95,-29,48,72,140.86,-21,26,71,157.34,-14,32,62,174.9,-8,38,57,192.3,5,24,68,204.26,-5,37,59,240.42,-7,35,66,252.35,-28,25,67,270.3,-5,34,56,300.18,-11,45,54,316.32,0,47,63,348.45,11,19,60,348.59,-5,39,63,382.54,-8,40,55,411.03,-18,39,65,426.65,-7,35,47,461.7,-24,50,58,461.85,-44,64,56,478.19,-107,62,56,494.6,-227,187,35,527.84,,,,,,,,,,,,
20260320_123537,17,?,-9,63,-156,92,43,0,-50,-170,26,52,7,21,52,21,0x28,VDOM|CHOSE_V,26,509.34,17.91,17327.03,17836.37,17854.28,156,70,-16.58,55.69,32.42,6.64,156,70,-156,17,42,70,40.77,16.61,,,17,26,52,0.0,4,53,63,29.92,17,18,50,47.83,-4,24,58,65.8,-31,49,55,98.19,-3,54,59,109.3,-10,51,54,127.26,-20,39,57,161.21,-18,35,42,161.42,-9,39,53,193.26,0,30,49,209.66,-2,39,58,221.6,-14,34,56,238.65,-14,26,62,274.25,-15,29,50,286.2,-18,39,56,304.22,-16,35,62,333.53,-3,35,56,333.69,-7,26,68,369.34,-7,36,49,386.4,0,32,54,415.81,-13,36,63,433.73,-13,46,70,444.5,-35,58,56,461.52,-61,79,53,479.44,-156,92,43,509.34,,,,,,,,,,,,,,,,
20260320_123537,18,?,-9,63,-128,59,63,0,-18,-121,62,81,5,13,81,13,0x28,VDOM|CHOSE_V,28,525.14,17.77,18127.22,18652.37,18670.14,128,68,-14.29,58.39,32.74,5.52,128,68,-128,53,50,68,36.89,11.74,,,2,2,50,0.0,53,25,58,16.97,28,18,51,27.94,14,35,64,45.05,-8,29,58,62.85,-11,45,61,80.87,-19,40,59,107.98,-18,32,68,125.2,-11,43,55,143.03,-20,32,55,188.85,-6,43,65,188.96,-10,36,68,206.77,-8,39,65,224.69,6,27,52,254.58,-9,36,57,271.9,-5,36,59,299.26,-9,33,59,299.37,-3,39,60,316.66,-13,40,52,350.78,0,39,50,367.4,-9,37,53,394.77,-8,36,66,394.95,-22,28,58,429.95,-18,38,64,446.25,-25,54,59,463.24,-53,54,55,479.89,-90,58,51,508.92,-128,59,63,525.14,,,,,,,,
20260320_123537,19,?,-9,63,-155,44,57,0,62,-47,60,51,12,14,60,14,0x28,VDOM|CHOSE_V,29,576.78,32.88,18905.71,19482.49,19515.37,155,75,-11.9,61.17,34.74,6.71,155,75,-155,51,49,75,37.1,17.94,,,41,-14,69,0.0,51,15,75,35.87,26,31,67,48.15,-1,48,56,65.79,-32,52,65,83.71,-8,41,68,113.64,-17,38,65,131.6,-16,30,54,143.51,-15,33,70,161.5,-7,30,61,191.42,5,31,54,209.29,1,27,66,226.87,0,28,60,244.88,3,27,63,274.42,1,33,68,290.7,3,33,57,308.14,-9,31,52,319.08,-15,25,57,353.23,-5,39,51,370.01,-12,37,68,386.55,-20,24,53,398.52,3,36,58,434.42,-16,40,62,446.37,-13,52,58,464.57,-26,42,57,498.55,-29,74,69,515.44,-23,85,65,526.9,-60,64,49,559.71,-155,44,57,576.78,,,,
20260320_123537,20,?,-9,63,-158,51,55,0,106,-57,66,63,6,13,66,13,0x28,VDOM|CHOSE_V,27,509.58,16.52,19707.16,20216.74,20233.26,158,69,-10.59,60.59,38.59,4.33,158,69,-158,57,50,69,36.07,15.64,,,57,14,60,0.0,18,18,65,16.95,35,30,63,28.98,34,19,67,45.97,20,30,54,62.22,-3,49,65,97.49,-20,30,63,108.71,-27,35,55,126.65,-11,30,50,144.61,-22,47,59,156.56,-15,28,63,191.02,-8,31,61,207.1,9,37,63,239.58,-11,23,57,256.69,-2,31,60,268.67,-5,35,64,286.68,-11,29,69,304.55,-1,33,61,334.52,4,45,59,352.38,0,26,61,382.33,-4,36,59,382.49,-7,30,61,400.21,-24,24,58,430.11,-19,59,60,448.07,-43,75,57,476.17,-72,79,67,492.58,-158,51,55,509.58,,,,,,,,,,,,
20260320_123537,21,?,-9,63,-319,47,30,0,-114,-114,56,151,9,19,151,19,0x28,VDOM|CHOSE_V,33,635.16,18.05,20441.97,21077.13,21095.18,319,72,-21.97,58.48,64.09,8.46,319,72,-319,47,30,72,36.73,19.64,,,47,-19,64,0.0,38,21,72,17.01,24,24,69,46.41,-6,28,61,46.66,0,48,49,79.36,-18,43,64,96.21,-16,36,63,129.28,-16,37,64,140.54,-6,36,61,174.51,-11,33,57,174.64,-10,27,56,192.58,5,25,51,221.09,-10,35,55,238.3,-14,29,54,256.19,-6,51,66,272.31,-2,29,57,301.29,-5,20,64,318.22,-9,35,63,336.25,5,26,67,347.27,1,40,61,383.19,0,48,61,395.12,6,41,69,412.25,-12,44,58,430.09,-15,21,66,459.94,-12,32,55,460.1,-24,20,47,495.16,8,36,50,507.18,-17,31,51,539.64,-17,43,59,556.86,-61,98,58,572.51
20260320_123537,22,?,-9,63,-189,39,48,0,-80,-138,140,178,16,24,178,24,0x28,VDOM|CHOSE_V,35,665.38,20.67,21289.46,21954.84,21975.51,189,79,-16.43,58.63,53.84,8.47,189,79,-189,131,39,79,35.57,15.64,,,131,8,79,0.0,58,37,71,11.72,21,40,62,29.57,10,39,60,59.44,0,6,70,59.67,3,12,63,95.05,-15,31,60,106.6,-20,31,55,138.67,-8,33,60,138.76,-10,34,47,170.72,-17,41,68,188.31,-19,26,54,205.77,-16,32,60,223.61,-22,42,60,250.72,-25,32,53,267.86,-27,23,56,284.79,-41,28,51,301.45,-17,34,57,318.66,-20,28,54,347.51,-1,37,63,363.89,1,33,66,399.13,-3,22,71,399.42,5,51,49,429.23,-3,14,57,446.39,-4,29,51,474.74,0,35,67,490.66,8,30,58,508.6,3,40,60,525.95,-2,34,60,555.86,-11,57,55,573.8
20260320_123537,23,?,-9,63,-218,88,32,0,-64,-77,36,73,11,20,73,20,0x28,VDOM|CHOSE_V,33,623.59,17.22,22229.2,22852.79,22870.0,218,74,-16.55,59.09,40.59,9.4,218,74,-218,27,32,74,35.21,18.08,,,18,4,57,0.0,13,-12,61,0.36,12,25,58,13.04,27,19,67,46.86,8,41,74,64.13,2,38,60,81.98,-2,23,59,111.81,-15,30,54,129.76,-16,46,67,141.87,-1,28,60,174.88,-15,32,61,191.26,-8,20,61,208.21,-7,42,61,225.38,-13,48,63,240.59,-14,30,67,273.06,-7,35,67,284.72,-19,38,74,305.98,-25,25,49,334.05,-10,40,62,349.97,-14,35,67,366.85,-11,44,63,386.8,-20,32,69,416.8,0,30,64,428.81,-13,21,54,464.56,-12,42,48,476.65,1,36,59,494.47,-18,35,43,512.43,-21,45,44,541.56,-28,29,49,541.65,-4,31,55,559.01
20260320_123537,24,?,-9,63,-196,72,55,0,-50,-129,29,63,5,21,63,21,0x28,VDOM|CHOSE_V,30,575.88,0.12,23172.27,23748.15,23748.26,196,68,-15.43,58.4,38.42,6.67,196,68,-196,33,42,68,35.77,13.94,,,33,25,66,0.0,5,18,65,16.96,11,21,61,32.32,20,19,61,49.07,6,29,56,60.07,4,34,53,92.78,-9,30,67,93.12,-12,38,66,128.45,-12,45,66,140.4,-25,35,65,165.87,-10,25,52,190.25,-3,48,63,208.33,-24,46,55,220.17,-1,30,60,238.13,-21,44,59,272.21,-13,31,62,284.26,-21,20,60,301.36,-1,38,49,336.21,-18,26,59,347.72,-7,31,59,380.77,-11,26,55,397.83,-1,37,46,415.04,-11,22,53,432.17,-3,38,50,443.19,-12,38,68,477.27,-17,31,66,477.36,-22,45,60,509.33,-20,56,42,524.94,-72,75,53,542.06,-196,72,55,575.88
20260320_123537,25,?,-9,63,-187,67,51,0,-240,-83,55,102,9,14,102,14,0x28,VDOM|CHOSE_V,28,526.04,17.52,24019.59,24545.63,24563.15,187,72,-24.21,59.32,39.49,5.84,187,72,-187,46,49,72,35.75,17.72,,,-7,-4,64,0.0,46,2,54,0.32,7,20,60,11.78,-15,29,58,45.49,-9,33,67,62.7,-17,48,57,79.51,-9,40,60,108.87,-28,50,72,125.48,-16,35,64,141.74,-17,38,63,157.98,-14,27,60,174.64,-13,42,58,203.01,-11,41,58,220.63,-21,24,59,236.89,-13,31,53,270.08,-14,35,57,286.41,-20,39,66,298.32,-19,24,54,333.84,-22,29,52,351.81,-20,30,60,363.77,-24,30,63,379.77,-27,32,61,395.96,-37,27,72,429.62,-29,37,62,445.58,-22,41,55,463.23,-9,74,52,475.55,-111,80,49,508.74,-187,67,51,526.04,,,,,,,,
20260320_123537,26,?,-9,63,-186,48,47,0,164,-189,244,83,3,22,244,22,0x28,VDOM|CHOSE_V,27,528.56,0.07,24799.19,25327.75,25327.82,235,66,-9.41,54.78,62.37,6.74,235,66,-186,235,41,66,33.3,17.81,,,235,43,66,0.0,2,15,59,17.92,-27,34,61,47.35,-16,36,56,65.24,-22,17,49,83.19,-11,15,58,94.63,8,8,64,127.01,11,27,62,143.77,-10,16,61,160.19,1,32,52,176.95,-13,26,57,194.3,-1,30,47,222.97,-3,13,60,240.1,5,21,60,256.51,-7,35,46,301.52,-19,29,62,301.62,-13,41,49,317.9,-14,30,47,351.95,1,26,62,352.06,8,26,51,386.47,-5,33,59,398.38,-9,44,54,415.4,-18,32,50,433.3,-21,71,47,463.24,-38,82,41,481.08,-92,69,52,510.99,-186,48,47,528.56,,,,,,,,,,,,
20260320_123537,27,?,-9,63,-160,66,43,0,-75,-253,54,72,4,19,72,19,0x28,VDOM|CHOSE_V,31,591.77,11.69,25551.19,26142.96,26154.65,160,67,-16.19,53.23,33.37,6.65,160,67,-160,45,43,67,33.74,15.66,,,45,24,56,0.0,28,3,60,15.8,14,12,55,33.91,-16,21,55,45.12,-23,41,55,78.4,-31,42,49,94.77,-12,36,54,111.75,-9,31,45,127.96,-30,26,45,139.97,-16,33,48,172.78,-8,26,50,206.97,-7,30,62,207.11,-15,23,48,241.13,-7,27,46,253.09,-6,26,52,270.6,-18,20,65,287.84,-9,31,52,299.8,-5,30,57,335.73,3,27,57,352.36,-15,31,59,363.47,-12,40,50,397.25,-10,31,46,413.86,-12,35,57,430.22,-14,38,44,462.04,-10,35,61,478.0,-5,29,65,494.98,-15,40,48,512.4,-14,38,50,523.32,-32,77,67,556.53,-81,77,49,574.31
20260320_123537,28,?,-9,63,-166,146,38,0,-232,-111,33,175,7,20,175,20,0x28,VDOM|CHOSE_V,27,540.76,17.02,26413.54,26954.3,26971.31,184,70,-24.26,56.93,45.6,7.85,184,70,-184,24,38,70,36.3,37.47,,,13,-92,67,0.0,24,7,59,33.57,9,9,54,44.64,-12,42,54,79.21,-16,40,59,95.23,-9,36,50,112.29,-16,28,50,140.82,-29,46,54,157.83,-29,20,54,174.08,-29,45,50,190.06,-23,30,58,207.82,-2,38,68,219.95,-8,34,65,252.81,1,32,70,270.57,-4,32,63,287.26,-8,33,62,320.64,-28,40,56,332.67,-14,26,51,349.71,-13,32,61,367.06,-2,27,43,384.08,-21,24,55,413.98,-23,43,66,431.77,-14,34,64,443.77,-19,67,55,479.75,-33,96,64,491.71,-184,65,47,507.87,-166,146,38,540.76,,,,,,,,,,,,
20260320_123537,29,?,-9,63,-187,80,47,0,-66,-37,47,56,17,16,56,17,0x28,VDOM|CHOSE_V,28,525.87,17.95,27193.4,27719.27,27737.22,187,80,-18.11,61.43,37.94,8.34,187,80,-187,38,47,80,34.64,21.64,,,38,15,63,0.0,9,19,64,17.46,-1,21,71,35.0,-8,17,65,64.38,-13,10,70,64.57,-18,35,76,80.8,-8,21,61,110.56,-6,29,61,128.59,-17,39,55,146.47,-19,19,53,176.44,1,14,54,194.3,-18,23,59,226.95,-23,30,62,227.06,-14,38,62,254.11,-10,29,61,270.95,-8,25,73,287.43,-1,25,54,303.93,-3,41,68,336.98,1,39,47,352.96,-2,42,58,370.46,0,35,61,399.44,-17,27,59,416.26,-21,39,80,431.61,-22,31,72,447.86,-18,38,53,465.36,-57,85,51,497.88,-65,104,60,514.53,-187,80,47,525.87,,,,,,,,
20260320_123537,30,?,-9,63,-172,-84,56,0,-87,-105,52,117,11,16,117,16,0x28,VDOM|CHOSE_V,29,571.27,16.74,27978.4,28549.66,28566.41,138,74,-17.07,58.38,36.76,6.65,138,74,-138,43,47,74,31.83,13.23,,,28,3,60,0.0,43,3,57,32.71,22,15,64,48.9,10,15,66,60.71,13,30,56,77.87,-12,41,56,110.83,-10,38,54,128.04,-22,47,60,140.02,-28,48,62,172.93,-8,38,51,189.8,-24,31,66,207.07,-4,38,64,239.33,-2,33,53,256.79,-2,21,53,267.86,-12,20,61,289.09,-21,16,65,300.86,-3,29,56,317.7,-12,40,64,347.48,-15,43,58,365.66,-12,24,68,395.49,-23,28,47,413.23,-18,32,51,431.17,-13,34,63,447.04,-17,29,74,463.92,-19,34,50,476.05,-18,41,61,510.04,-52,47,55,525.59,-126,51,50,559.77,-138,54,48,571.27,,,,
20260320_123537,31,?,-9,63,-144,120,31,0,-116,-60,15,92,7,11,92,11,0x28,VDOM|CHOSE_V,26,511.36,0.11,28825.91,29337.27,29337.39,144,74,-19.15,60.31,33.54,8.47,144,74,-144,16,31,74,37.69,23.6,,,16,6,65,0.0,6,11,52,11.78,-10,14,69,47.62,1,33,61,59.57,2,22,54,77.51,-19,42,74,107.6,-14,38,55,107.94,-7,32,56,138.3,-5,19,56,156.28,-5,28,58,174.18,-17,34,57,204.11,-13,42,73,222.07,-3,39,69,239.85,-27,47,56,269.76,-7,22,57,287.84,-3,34,58,299.68,-12,37,70,317.63,-8,29,63,347.53,-10,16,59,365.44,-14,37,63,382.38,-5,38,61,399.25,-17,39,58,411.25,-30,48,68,429.14,-52,82,62,458.27,-101,71,63,476.2,-144,120,31,511.36,,,,,,,,,,,,,,,,
20260320_123537,32,?,-9,63,-182,43,54,0,-88,-77,31,49,7,17,49,17,0x28,VDOM|CHOSE_V,25,466.53,11.52,29557.12,30023.65,30035.17,182,70,-19.0,59.04,38.88,5.78,182,70,-182,22,46,70,33.04,15.42,,,19,2,66,0.0,13,-6,59,0.32,22,29,62,35.09,4,33,70,46.12,-19,27,57,63.28,-11,32,55,98.6,-1,31,52,109.72,-7,39,63,127.33,-5,27,60,162.47,-19,42,51,178.0,-11,25,66,194.49,-8,26,69,222.08,-14,33,63,239.12,-9,35,51,257.04,-10,33,58,285.92,-18,38,61,286.03,-5,26,62,303.9,-2,42,63,338.07,-10,23,58,349.19,-25,27,60,365.51,-24,42,57,399.56,-39,44,56,399.7,-58,72,46,433.13,-56,61,57,449.18,-182,43,54,466.53,,,,,,,,,,,,,,,,,,,,
20260320_123537,33,?,-9,63,-164,70,54,0,-73,-105,37,57,6,22,57,22,0x28,VDOM|CHOSE_V,27,528.46,17.75,30290.97,30819.43,30837.18,150,69,-16.63,57.52,32.48,7.05,150,69,-150,28,41,69,31.07,20.47,,,28,-17,66,0.0,22,31,68,17.94,7,18,60,47.78,9,24,55,65.86,-16,35,53,83.64,-3,36,62,95.61,-19,37,51,113.05,-34,18,61,130.58,-25,10,56,160.53,-15,33,48,178.5,-18,30,62,193.52,-5,49,54,211.38,-7,29,69,241.26,-16,21,66,259.19,-13,26,41,271.11,-9,27,46,289.04,4,18,59,318.94,-6,31,56,336.9,-13,16,54,366.84,-12,26,61,366.96,-10,33,60,402.76,-6,17,57,414.64,-11,25,49,432.81,-19,42,62,450.72,-46,60,68,480.61,-66,96,57,498.35,-150,68,52,528.46,,,,,,,,,,,,
20260320_123537,34,?,-9,63,-130,38,41,0,-49,-118,147,108,16,21,147,21,0x28,VDOM|CHOSE_V,24,463.5,16.65,31073.79,31537.29,31553.94,138,79,-16.42,56.71,47.65,9.12,138,79,-130,138,41,79,31.0,9.61,,,138,34,72,0.0,12,23,55,17.92,7,27,59,65.78,3,29,57,78.45,-6,24,65,96.79,4,14,67,114.19,-11,28,51,114.31,-8,29,58,143.13,-12,35,62,160.95,-15,32,57,178.86,-10,28,54,190.82,-6,26,64,207.9,-14,21,65,241.02,-14,24,56,258.95,-24,17,49,270.92,-13,32,42,288.9,-8,35,79,317.93,-12,30,53,335.87,-31,31,52,353.81,-29,37,53,383.78,-40,47,50,401.62,-58,58,57,413.57,-117,45,43,446.37,-130,38,41,463.5,,,,,,,,,,,,,,,,,,,,,,,,
20260320_123537,35,?,-9,63,-162,58,58,0,-13,-79,22,37,9,19,37,19,0x28,VDOM|CHOSE_V,26,496.52,0.07,31792.23,32288.74,32288.81,162,72,-17.23,59.31,34.68,7.74,162,72,-162,13,44,72,34.77,15.96,,,-6,13,67,0.0,9,13,58,18.0,13,33,60,35.91,9,28,63,47.89,-11,28,63,83.73,-7,43,68,95.74,-3,18,67,111.83,0,30,46,146.68,-4,33,54,158.81,-17,16,53,176.04,-15,25,44,193.99,-17,28,54,205.8,-7,36,56,239.64,-6,29,64,256.49,11,28,71,273.7,-4,33,69,301.91,-5,31,53,302.09,-7,39,72,335.35,-14,30,70,352.9,-14,38,60,381.94,-10,28,53,399.82,-28,37,52,434.19,-34,66,60,462.76,-46,76,50,462.9,-73,67,57,479.75,-162,58,58,496.52,,,,,,,,,,,,,,,,
20260320_123537,36,?,-9,63,-136,52,58,0,-142,-14,43,162,11,15,162,15,0x28,VDOM|CHOSE_V,27,527.56,17.07,32527.09,33054.65,33071.72,171,74,-22.15,60.67,44.13,8.22,171,74,-171,34,45,74,33.56,13.78,,,28,-3,74,0.0,34,21,66,29.7,14,20,65,46.99,7,23,59,64.93,2,37,53,82.89,2,35,66,93.65,-7,37,60,126.99,-7,29,53,144.42,-21,26,55,162.09,-29,25,53,179.15,-4,37,68,206.76,-10,33,71,223.92,10,28,64,241.85,-12,32,66,253.93,-15,22,67,270.22,-27,27,69,306.04,0,27,72,317.53,-8,33,54,335.52,-9,29,57,365.41,-18,32,45,382.54,-32,38,68,400.54,-37,39,61,417.69,-43,58,67,449.42,-37,63,54,461.23,-72,59,45,494.33,-171,47,48,494.53,-136,52,58,527.56,,,,,,,,,,,,
20260320_123537,37,?,-9,63,-179,65,54,0,100,-48,97,61,10,13,97,13,0x28,VDOM|CHOSE_V,24,461.4,0.1,33231.95,33693.36,33693.46,179,73,-18.12,60.62,53.77,6.45,179,73,-179,88,50,73,40.33,18.6,,,88,27,59,0.0,24,22,63,11.39,3,19,64,28.31,13,27,56,64.37,-3,28,50,76.28,5,38,60,112.12,5,39,68,124.11,-7,25,71,158.28,-6,20,61,158.43,-8,40,73,191.9,-13,39,73,203.17,-6,36,59,219.33,-12,30,67,237.0,-10,36,61,254.06,-13,32,56,283.2,-11,23,60,301.22,-2,44,57,319.23,-13,36,54,331.51,-10,50,66,368.39,-19,54,57,379.87,-28,78,55,415.15,-70,80,60,415.27,-163,80,51,443.7,-179,65,54,461.4,,,,,,,,,,,,,,,,,,,,,,,,
20260320_123537,38,?,-9,63,-65,49,63,0,-54,-40,71,64,10,14,71,14,0x28,VDOM|CHOSE_V,23,428.26,35.54,33917.22,34345.48,34381.02,209,73,-23.35,59.87,50.3,6.66,209,73,-209,62,49,73,32.48,16.08,,,62,14,67,0.0,26,25,73,16.8,28,31,67,33.88,22,23,59,45.9,8,20,68,81.04,-12,19,63,92.41,-17,24,54,109.04,-4,17,58,143.25,-12,35,61,143.46,-12,26,67,173.0,-31,37,56,205.43,-18,36,49,222.64,-27,36,58,239.05,-17,40,56,256.07,-36,35,62,271.88,-25,51,58,289.16,-16,20,64,316.71,-29,34,68,334.04,-35,32,53,350.59,-54,51,55,368.46,-56,60,50,398.39,-73,77,62,416.32,-209,4,49,428.26,,,,,,,,,,,,,,,,,,,,,,,,,,,,
20260320_123537,39,?,-9,63,-52,53,62,0,29,-115,32,23,7,23,32,23,0x28,VDOM|CHOSE_V,23,444.17,17.73,34573.31,35017.48,35035.21,52,70,-9.35,56.7,14.4,7.5,52,70,-52,23,40,70,38.96,19.88,,,-6,16,65,0.0,23,24,63,11.85,0,23,64,46.08,-15,32,64,63.09,-3,38,63,80.56,-14,29,55,109.28,-10,39,52,125.82,-10,17,62,142.98,-13,15,61,159.86,-22,39,44,188.92,-2,31,54,206.05,2,34,61,222.89,-11,32,57,234.94,-12,28,45,270.74,-9,28,52,282.66,3,36,51,300.58,-6,45,58,318.54,-3,38,57,346.73,8,52,70,346.81,-11,81,51,381.65,-20,88,53,398.04,-32,78,40,415.99,-52,53,62,444.17,,,,,,,,,,,,,,,,,,,,,,,,,,,,
20260320_123537,40,?,-9,63,-143,57,44,0,-187,-26,81,117,16,21,117,21,0x28,VDOM|CHOSE_V,23,445.07,17.89,35273.22,35718.29,35736.18,143,79,-23.13,60.87,42.21,9.12,143,79,-143,72,42,79,34.3,18.24,,,72,-15,69,0.0,-3,14,66,18.02,-15,20,59,47.7,-4,31,65,64.88,-20,17,65,82.83,0,19,59,94.8,-4,34,63,129.86,-10,21,55,145.78,-10,42,42,162.91,-3,33,49,174.88,-18,32,60,207.98,0,47,59,225.92,-18,29,54,242.89,-9,34,79,254.13,-18,31,58,270.97,-21,31,71,305.16,-13,32,59,317.25,-31,48,79,333.78,-37,43,63,351.07,-47,63,63,386.01,-54,60,55,397.96,-126,66,64,415.93,-143,57,44,445.07,,,,,,,,,,,,,,,,,,,,,,,,,,,,
20260320_123537,41,?,-9,63,-109,99,36,0,-83,-76,85,81,16,14,85,16,0x28,VDOM|CHOSE_V,24,442.87,35.12,35962.14,36405.01,36440.12,109,79,-15.92,58.75,32.94,9.13,109,79,-109,76,36,79,37.46,23.31,,,76,-28,72,0.0,-3,23,63,17.04,1,15,59,28.13,5,21,64,79.15,2,36,58,79.25,-12,39,50,95.42,-15,37,56,112.16,-2,34,61,141.45,-1,23,56,158.1,-7,34,65,191.32,-13,41,79,191.53,-15,37,49,219.07,-11,24,52,236.18,-12,39,66,270.12,-14,32,61,287.2,-18,28,68,298.8,-17,39,53,316.67,-25,29,54,333.26,-23,49,52,362.8,-19,57,59,380.77,-26,71,57,398.74,-34,69,71,410.67,-90,51,49,426.86,-109,99,36,442.87,,,,,,,,,,,,,,,,,,,,,,,,
20260320_123537,42,?,-9,63,-102,63,49,0,-130,-96,37,78,8,15,78,15,0x28,VDOM|CHOSE_V,21,414.52,17.2,36661.41,37075.93,37093.13,102,71,-19.86,56.67,28.48,7.09,102,71,-102,28,47,71,33.62,19.87,,,28,-19,60,0.0,16,6,65,48.84,-9,16,50,49.01,-6,25,71,78.56,-20,35,64,95.72,-23,50,64,113.45,-17,39,56,161.29,-11,30,69,161.43,-12,21,52,178.81,-14,34,59,190.76,-6,31,47,208.75,-1,23,49,226.66,-18,34,58,254.74,-20,43,59,272.11,-17,35,51,289.85,-20,39,55,318.77,-14,34,49,335.11,-31,38,57,351.9,-33,49,58,368.81,-87,80,48,386.17,-102,63,49,414.52,,,,,,,,,,,,,,,,,,,,,,,,,,,,,,,,,,,,
20260320_123537,43,?,-9,63,-61,66,64,0,-44,-16,35,28,8,17,35,17,0x28,VDOM|CHOSE_V,17,331.98,0.11,37335.26,37667.24,37667.35,61,71,-15.0,62.06,20.25,6.24,61,71,-61,26,46,71,34.0,19.0,,,15,-16,61,0.0,26,27,69,11.22,-21,8,64,46.94,-23,35,70,63.91,-15,30,62,93.05,-22,41,55,109.17,-37,43,71,126.82,-17,38,61,144.02,-26,36,68,155.91,-2,21,59,189.68,12,27,63,205.94,-14,40,64,222.62,-6,39,62,239.85,-22,33,62,268.64,-19,45,54,284.9,-23,65,46,302.16,-61,66,64,331.98,,,,,,,,,,,,,,,,,,,,,,,,,,,,,,,,,,,,,,,,,,,,,,,,,,,,
20260320_123537,44,?,-9,63,-156,69,54,0,-127,-110,23,71,6,21,71,21,0x28,VDOM|CHOSE_V,17,322.56,12.04,38019.14,38341.7,38353.74,156,69,-25.12,56.0,40.3,7.45,156,69,-156,14,42,69,35.59,20.38,,,-1,21,67,0.0,14,31,54,16.69,-15,19,58,33.17,-2,3,69,49.81,1,2,60,67.01,2,22,54,96.39,-13,36,66,113.16,-15,30,61,146.07,-30,38,46,146.23,-19,41,54,175.13,-18,33,56,193.35,-12,38,56,211.16,-21,32,58,239.06,-8,52,42,274.73,-54,74,52,286.69,-80,64,45,304.65,-156,69,54,322.56,,,,,,,,,,,,,,,,,,,,,,,,,,,,,,,,,,,,,,,,,,,,,,,,,,,,
20260320_123537,45,?,-9,63,-134,28,61,0,-259,-60,23,107,10,19,107,19,0x28,VDOM|CHOSE_V,22,412.27,17.94,38643.19,39055.46,39073.4,134,73,-26.45,60.18,39.41,7.79,134,73,-134,14,44,73,36.55,8.73,,,11,23,70,0.0,14,33,57,16.45,3,27,54,34.61,-5,30,50,46.11,-4,49,59,79.94,1,35,59,96.96,-10,34,71,125.14,-21,31,50,144.3,-20,26,64,162.57,-12,34,60,175.14,-11,35,58,192.45,-28,34,66,209.98,-6,42,60,240.47,-9,34,73,252.45,-25,52,69,269.91,-12,35,69,305.19,-13,42,48,317.2,-42,38,58,335.14,-47,39,44,352.98,-96,44,60,382.87,-116,59,64,400.34,-134,28,61,412.27,,,,,,,,,,,,,,,,,,,,,,,,,,,,,,,,
20260320_123537,46,?,-9,63,-66,68,62,0,-8,-62,48,34,8,20,48,20,0x28,VDOM|CHOSE_V,18,335.51,16.29,39262.78,39598.29,39614.58,66,71,-12.61,59.5,24.46,7.34,66,71,-66,39,43,71,36.06,14.7,,,25,16,71,0.0,39,13,65,0.32,17,23,65,35.48,0,25,71,52.66,-5,23,61,64.71,-11,38,53,100.51,-8,40,52,112.52,-32,37,60,146.35,-15,29,65,146.51,-15,50,64,181.34,-24,33,59,193.46,-6,42,49,210.62,-6,40,56,227.82,-18,30,57,255.25,-29,32,63,272.47,-30,46,55,290.16,-43,64,43,306.42,-66,68,62,335.51,,,,,,,,,,,,,,,,,,,,,,,,,,,,,,,,,,,,,,,,,,,,,,,,
20260320_123537,47,?,-9,63,-93,68,54,0,-126,-105,20,71,3,15,71,15,0x28,VDOM|CHOSE_V,17,321.86,17.34,39853.92,40175.78,40193.12,93,66,-22.0,55.71,26.39,5.61,93,66,-93,11,48,66,31.71,22.46,,,-10,-34,66,0.0,11,29,56,35.98,1,28,60,53.33,-18,39,60,65.12,-21,33,52,82.12,-20,36,53,116.16,-19,17,58,127.41,-11,32,64,161.86,0,21,48,179.92,-20,27,53,192.04,-16,40,64,208.66,-9,29,49,226.96,-15,20,54,244.83,-23,37,49,256.73,-31,46,57,292.79,-80,71,50,304.89,-93,68,54,321.86,,,,,,,,,,,,,,,,,,,,,,,,,,,,,,,,,,,,,,,,,,,,,,,,,,,,
20260320_123537,48,?,-9,63,-139,55,49,0,-46,-66,27,37,12,13,37,13,0x28,VDOM|CHOSE_V,22,426.95,17.89,40433.08,40860.03,40877.92,139,75,-17.41,59.55,31.55,6.67,139,75,-139,18,49,75,35.82,14.35,,,18,-3,66,0.0,17,21,68,28.24,5,31,54,46.18,-7,41,59,63.35,-4,41,59,92.48,5,46,54,109.45,-8,34,57,126.71,-20,28,52,144.19,-18,33,75,171.26,-18,38,67,205.38,-22,30,67,205.51,-11,22,50,223.3,-13,47,66,250.94,-14,33,62,268.19,-15,34,61,286.16,4,20,58,302.86,-15,35,61,320.04,-9,37,55,349.17,-29,42,55,367.19,-44,63,53,379.07,-46,60,62,415.0,-139,55,49,426.95,,,,,,,,,,,,,,,,,,,,,,,,,,,,,,,,
20260320_123537,49,?,-9,63,-136,18,45,0,-144,-73,51,116,4,16,116,16,0x28,VDOM|CHOSE_V,16,303.88,17.76,41276.08,41579.97,41597.73,136,67,-27.69,56.56,46.37,7.39,136,67,-136,42,45,67,30.12,15.29,,,42,-10,64,0.0,18,15,67,34.51,2,21,62,46.4,-4,27,55,64.39,1,27,50,82.3,-11,29,67,94.29,-3,28,65,112.19,-25,33,58,146.16,-25,38,47,175.2,-17,47,62,175.34,-30,38,59,210.18,-37,32,51,238.61,-43,45,53,238.7,-50,57,52,256.66,-125,37,48,286.03,-136,18,45,303.88,,,,,,,,,,,,,,,,,,,,,,,,,,,,,,,,,,,,,,,,,,,,,,,,,,,,,,,,
20260320_123537,50,?,-9,63,-98,56,61,0,-309,-107,38,71,17,18,71,18,0x28,VDOM|CHOSE_V,25,479.82,11.8,41789.04,42268.85,42280.65,98,80,-24.92,58.64,30.67,9.22,98,80,-98,29,45,80,35.92,11.28,,,3,11,62,0.0,29,14,80,0.11,5,30,48,29.44,-9,26,51,46.65,-6,40,53,76.11,-32,32,53,94.03,-31,44,58,110.94,-23,27,46,128.16,-18,41,75,157.27,-6,29,56,173.9,2,30,63,190.17,5,27,72,206.33,-2,29,54,224.24,-1,37,58,252.14,-19,40,62,269.61,-20,31,59,285.86,-12,45,57,320.36,-38,61,50,331.98,-40,43,62,349.82,-76,46,50,367.26,-80,38,76,383.32,-67,39,60,411.5,-41,37,45,445.99,-48,45,55,463.22,-98,56,61,479.82,,,,,,,,,,,,,,,,,,,,
20260320_123537,51,?,-9,63,-138,50,39,0,-155,-115,32,130,17,19,130,19,0x28,VDOM|CHOSE_V,22,413.75,0.16,42634.11,43047.86,43048.02,139,80,-22.0,55.59,40.87,9.14,139,80,-139,23,39,80,37.36,15.26,,,23,-3,80,0.0,17,28,61,17.95,17,34,62,29.92,2,25,54,65.86,-8,37,52,65.99,-16,50,63,94.98,-18,34,54,112.3,-14,36,59,129.46,-18,29,48,147.15,-3,32,50,176.12,-14,26,51,194.06,0,36,64,205.06,-11,43,64,222.63,-11,22,44,256.34,-16,31,59,273.28,-17,33,64,284.8,-21,38,61,302.07,-21,59,44,337.15,-30,60,51,349.13,-48,64,50,384.33,-139,58,49,396.58,-138,50,39,413.75,,,,,,,,,,,,,,,,,,,,,,,,,,,,,,,,
20260320_123537,52,?,-9,63,-172,43,38,0,-50,-98,107,80,8,15,107,15,0x28,VDOM|CHOSE_V,20,384.32,0.17,43369.39,43753.71,43753.87,172,71,-19.65,56.85,51.11,7.53,172,71,-172,98,38,71,35.2,12.62,,,-11,30,53,0.0,98,26,61,17.13,62,12,71,28.98,-13,19,51,45.98,-9,30,58,81.94,-12,34,49,94.04,-7,35,53,110.75,-12,33,48,128.0,-14,30,56,156.34,-22,26,54,173.98,-13,32,56,191.45,-21,30,60,225.02,-23,37,65,236.86,-28,38,66,253.84,-26,34,62,271.83,-23,41,66,300.47,-19,49,56,300.66,-39,71,54,334.2,-89,54,60,351.5,-172,43,38,384.32,,,,,,,,,,,,,,,,,,,,,,,,,,,,,,,,,,,,,,,,
20260320_123537,53,?,-9,63,-151,72,49,0,70,-102,124,41,4,19,124,19,0x28,VDOM|CHOSE_V,18,349.76,17.39,44073.43,44423.19,44440.58,151,67,-12.5,56.11,48.64,6.43,151,67,-151,115,44,67,36.0,18.45,,,115,16,58,0.0,23,0,61,29.07,-3,22,50,47.19,0,35,50,76.2,2,32,53,76.36,0,22,55,123.06,-7,38,60,123.15,-8,37,56,156.2,-10,36,63,174.1,-8,29,63,190.95,-20,33,67,207.81,-7,39,64,237.73,-14,24,44,255.65,-11,33,54,267.67,-34,47,50,285.6,-42,57,51,303.46,-50,76,62,332.65,-151,72,49,349.76,,,,,,,,,,,,,,,,,,,,,,,,,,,,,,,,,,,,,,,,,,,,,,,,
20260320_123537,54,?,-9,63,-178,47,53,0,85,-227,94,66,9,18,94,18,0x28,VDOM|CHOSE_V,36,698.01,16.99,44984.26,45682.27,45699.26,178,72,-11.72,55.89,40.98,6.01,178,72,-178,85,45,72,34.36,15.97,,,85,25,57,0.0,5,8,55,29.32,8,25,46,47.13,12,36,60,59.15,1,41,45,93.55,-33,40,63,111.53,-32,58,52,139.16,-52,59,50,139.3,-67,47,47,156.51,-53,33,54,190.64,-11,5,55,202.63,35,20,72,219.6,26,13,61,237.02,19,14,53,271.61,20,33,65,283.6,13,26,56,301.49,10,35,57,318.55,0,16,56,348.43,-27,45,63,366.47,-19,37,53,378.35,0,43,55,412.9,-10,25,56,430.83,-12,22,50,442.54,1,26,49,460.54,7,20,53,477.03,5,33,59,507.08,3,25,53,524.97,-15,32,45,543.0,-10,42,65,554.92,0,28,59,587.62
20260320_123537,55,?,-9,63,-184,49,37,0,10,-140,68,47,8,19,68,19,0x28,VDOM|CHOSE_V,26,509.36,0.13,45988.27,46497.63,46497.76,184,71,-17.46,55.08,40.36,7.64,184,71,-184,59,37,71,30.92,17.31,,,59,5,60,0.0,17,-5,71,17.12,21,22,51,28.97,13,13,61,64.82,-19,36,66,81.43,-18,37,66,93.01,-21,26,53,110.81,-23,33,62,140.73,-19,37,60,157.85,-14,24,53,175.35,-25,29,58,205.21,-14,31,50,223.09,-12,40,61,241.07,2,35,52,252.99,-15,37,55,270.97,-12,21,44,300.84,-11,14,54,336.7,-8,19,58,348.68,-4,28,59,384.59,-11,10,55,396.55,-7,28,51,396.63,-16,43,48,431.86,-30,57,56,448.5,-47,67,47,460.46,-56,68,44,478.41,-184,49,37,509.36,,,,,,,,,,,,,,,,
20260320_123537,56,?,-9,63,-58,39,68,0,23,45,184,66,12,11,184,12,0x28,VDOM|CHOSE_V,25,497.53,0.13,46895.84,47393.37,47393.5,175,75,-9.8,65.16,44.74,6.3,175,75,-75,175,52,75,32.52,10.05,,,175,39,64,0.0,5,20,67,35.41,19,17,71,51.95,20,17,63,63.32,-7,29,68,95.66,-14,25,63,112.95,-14,39,66,130.01,2,33,67,163.77,-16,36,73,163.87,1,44,75,192.59,-8,37,68,208.85,-3,23,70,242.91,-14,43,70,243.06,-6,33,57,271.91,-4,34,74,289.42,-16,38,69,306.48,-16,30,67,323.78,-18,29,65,351.21,-39,44,57,368.29,-43,44,53,385.41,-41,50,52,414.27,-25,38,55,432.2,-75,12,61,450.14,-50,20,66,480.02,-58,39,68,497.53,,,,,,,,,,,,,,,,,,,,
20260320_123537,57,?,-9,63,-67,13,32,0,79,-86,50,22,3,15,50,15,0x28,VDOM|CHOSE_V,24,462.07,0.09,47726.07,48188.14,48188.24,67,66,-9.29,57.0,22.97,7.16,67,66,-67,41,32,66,32.46,11.97,,,39,9,59,0.0,41,27,66,17.99,21,39,57,52.35,19,30,56,74.71,4,32,64,80.36,-7,31,63,98.37,-7,48,56,128.44,-20,35,53,146.64,-31,35,61,158.62,-28,31,58,193.47,-17,31,50,211.77,-14,22,59,223.22,-3,25,53,240.57,-11,30,48,258.35,-16,26,56,287.37,-5,27,60,303.57,-4,20,54,321.09,-5,29,61,338.05,-21,29,62,383.51,-22,53,62,383.71,-24,52,60,400.95,-24,52,66,434.14,-21,53,52,434.31,-67,13,32,462.07,,,,,,,,,,,,,,,,,,,,,,,,
20260320_123537,58,?,-9,63,-94,44,50,0,264,-5307,56,45,0,821,56,821,0x50,HDOM|CHOSE_H,22,428.49,17.72,48526.64,48955.12,48972.84,94,758,2.36,-248.68,35.56,309.79,94,758,-94,47,-758,63,25.14,19.62,,,30,27,-85,0.0,41,12,-232,28.76,40,12,-460,46.25,47,0,-734,63.93,42,1,-758,80.82,43,-11,-697,92.72,29,6,-674,109.81,18,-4,-657,144.63,30,22,-560,161.52,9,27,-412,190.16,2,19,-249,190.36,4,36,-204,220.62,-20,25,-115,238.29,0,25,-6,254.89,-10,28,33,284.81,-26,40,49,303.12,-20,38,45,332.67,-16,38,44,350.55,-22,50,34,368.43,-21,60,63,380.41,-54,58,54,398.34,-94,44,50,428.49,,,,,,,,,,,,,,,,,,,,,,,,,,,,,,,,
20260320_123537,59,?,-9,63,-219,134,16,0,-202,-182,18,32,3,17,32,17,0x28,VDOM|CHOSE_V,24,450.13,34.4,49257.58,49707.71,49742.11,41,66,-18.29,54.42,14.08,5.57,41,66,-41,12,46,66,29.29,9.16,,,-7,17,46,0.0,12,22,61,17.63,4,23,54,35.62,9,27,50,52.54,-8,35,54,64.59,-3,36,57,99.76,-12,16,52,111.78,-18,32,65,129.79,-10,19,48,161.62,-24,20,52,179.72,-34,25,55,191.62,-28,30,54,209.62,-21,34,65,227.5,-15,40,51,239.43,-28,46,55,274.84,-34,40,48,292.11,-18,30,52,304.05,-29,32,51,322.05,-30,19,48,355.45,-26,25,57,372.3,-19,28,59,383.71,-27,36,66,416.95,-41,21,56,449.95,-32,50,50,450.13,,,,,,,,,,,,,,,,,,,,,,,,
20260320_123537,60,?,-9,63,-62,33,59,0,-58,-152,52,31,4,19,52,19,0x28,VDOM|CHOSE_V,20,385.79,0.13,50008.17,50393.96,50394.09,62,67,-14.0,53.1,21.86,6.55,62,67,-62,43,44,67,31.95,10.1,,,43,18,57,0.0,10,35,54,16.8,1,39,61,33.56,2,28,52,67.52,-3,24,50,85.66,-5,21,45,113.15,2,15,47,130.38,-9,38,53,130.45,-28,23,67,162.02,-24,25,49,178.21,-9,29,56,212.1,-22,27,44,224.15,-25,25,44,241.02,-9,34,51,272.69,-14,39,48,272.94,-24,43,57,290.21,-36,50,47,320.01,-28,50,58,355.9,-40,43,63,356.04,-62,33,59,385.79,,,,,,,,,,,,,,,,,,,,,,,,,,,,,,,,,,,,,,,,
20260320_123537,61,?,-9,63,36,35,-268,0,-5,-814,7,13,8,403,13,403,0x50,HDOM|CHOSE_H,25,483.06,28.46,50711.14,51194.2,51222.66,22,475,-8.28,7.28,8.09,129.57,22,475,-22,20,-475,73,31.56,9.59,,,20,10,53,0.0,-3,48,37,17.03,-6,31,49,34.17,-10,32,50,50.81,-10,27,70,84.86,-11,24,43,96.83,-19,18,48,132.06,-18,33,52,144.04,-10,33,51,160.92,-10,24,50,177.87,-4,33,52,195.35,-5,32,73,227.9,-16,40,71,243.35,-16,36,58,275.05,-15,44,46,287.0,-5,32,51,303.12,-9,24,46,324.47,-2,29,45,335.12,-8,22,40,352.64,-4,21,41,387.55,-6,32,36,399.51,-22,42,18,416.33,-11,54,-83,433.54,-4,32,-340,465.79,-3,36,-475,483.06,,,,,,,,,,,,,,,,,,,,
20260320_123537,62,?,-9,63,-65,45,27,0,-85,-865,15,46,4,358,46,358,0x50,HDOM|CHOSE_H,19,362.64,0.11,51530.3,51892.94,51893.06,65,295,-16.95,-10.95,21.01,111.13,65,295,-65,6,-295,67,31.0,13.09,,,-15,11,-95,0.0,-3,20,-132,29.9,2,41,-235,47.89,6,6,-295,59.81,-3,34,-136,77.83,0,19,8,95.79,-13,39,55,124.13,3,30,67,141.36,-6,30,55,158.35,-10,17,62,188.25,-3,21,45,206.18,-6,23,56,218.16,-10,36,63,259.34,-28,35,57,271.05,-32,38,66,302.23,-36,46,56,302.46,-55,56,36,314.9,-48,42,32,332.77,-65,45,27,362.64,,,,,,,,,,,,,,,,,,,,,,,,,,,,,,,,,,,,,,,,,,,,
20260320_123537,63,?,-9,63,-64,103,31,0,-24,-1264,28,43,3,271,43,271,0x50,HDOM|CHOSE_H,23,446.92,11.95,52391.29,52838.21,52850.16,64,208,-12.7,2.39,19.67,73.17,64,208,-64,19,-208,66,34.74,19.78,,,19,16,59,0.0,-10,3,66,17.11,14,26,44,27.84,-11,22,54,60.65,-1,25,53,94.89,-3,29,56,95.03,5,28,32,128.33,3,29,35,140.14,-12,24,37,157.54,-6,25,28,192.73,-6,39,16,203.72,-9,34,-1,220.72,1,27,-63,238.13,-4,30,-90,253.67,-14,22,-56,286.87,-11,30,17,315.75,-11,35,40,333.28,-23,53,39,349.02,-25,66,33,365.84,-43,48,8,382.78,-29,47,-175,399.05,-52,38,-208,411.08,-64,103,31,446.92,,,,,,,,,,,,,,,,,,,,,,,,,,,,
20260320_123537,64,?,-9,63,-41,49,61,0,-35,-189,10,17,10,21,17,21,0x40,CHOSE_H,30,575.05,17.94,53234.01,53809.06,53826.99,41,73,-12.23,54.1,9.53,7.33,41,73,-41,1,40,73,33.93,10.13,,,-5,23,47,0.0,-3,29,49,15.83,1,22,42,49.14,-7,36,46,66.58,-12,19,58,84.4,-10,30,63,96.36,-3,15,61,114.29,-2,33,51,132.23,-25,48,60,161.45,-4,38,62,194.17,-17,26,40,211.09,-18,50,59,223.05,-8,36,47,240.19,-18,32,43,257.31,-10,28,59,274.7,-16,26,53,304.62,-11,23,73,322.06,1,28,52,340.04,-15,40,58,352.03,-12,29,51,386.71,-9,27,60,398.72,-2,39,57,415.15,-12,28,52,432.35,-6,30,56,467.29,-10,41,55,478.25,-17,48,48,495.13,-21,47,59,529.96,-26,47,54,545.64,-29,51,47,563.09,-41,49,61,575.05
20260320_123537,65,?,-9,63,-27,50,47,0,-45,-77,11,17,0,19,17,19,0x40,CHOSE_H,20,371.28,28.72,54160.15,54531.43,54560.15,27,65,-13.15,56.9,8.22,5.54,27,65,-27,2,44,65,33.35,8.63,,,2,18,56,0.0,-5,37,62,17.83,-11,36,63,34.19,-17,32,65,67.98,-22,37,49,68.21,-15,27,57,97.06,-11,26,57,114.71,-8,23,56,143.22,-14,25,63,161.15,-3,24,44,178.16,2,28,53,196.16,-18,31,55,207.43,-17,30,56,238.97,-10,32,62,256.23,-13,36,62,272.34,-13,40,55,289.04,-13,45,57,320.96,-26,44,59,338.43,-24,46,60,355.01,-27,50,47,371.28,,,,,,,,,,,,,,,,,,,,,,,,,,,,,,,,,,,,,,,,
20260320_123537,66,?,-9,63,-42,52,53,0,-85,-66,31,34,6,16,34,16,0x28,VDOM|CHOSE_V,15,267.67,18.33,54947.19,55214.86,55233.18,45,69,-18.73,57.13,18.46,6.64,45,69,-45,22,47,69,33.33,12.49,,,-1,27,57,0.0,22,4,50,0.13,-12,19,49,45.12,-1,22,58,45.38,-16,31,51,78.8,-8,34,66,95.8,-12,32,65,106.79,-24,41,55,123.16,-21,32,60,157.43,-31,41,47,175.29,-13,29,69,187.23,-45,42,57,204.18,-43,45,56,221.27,-34,49,64,250.58,-42,52,53,267.67,,,,,,,,,,,,,,,,,,,,,,,,,,,,,,,,,,,,,,,,,,,,,,,,,,,,,,,,,,,,
20260320_123537,67,?,-9,63,-74,189,35,0,-19,-16,26,38,12,13,38,13,0x28,VDOM|CHOSE_V,19,368.47,34.46,55565.62,55934.09,55968.55,74,75,-14.05,59.42,21.32,9.17,74,75,-74,17,35,75,45.79,36.95,,,0,29,50,0.0,8,17,64,38.36,10,24,71,50.39,17,31,66,82.91,3,41,52,99.48,-15,34,64,110.98,-16,23,58,128.22,-15,24,56,146.0,-9,33,62,163.49,-14,41,63,190.48,-9,38,45,207.51,1,39,58,225.08,-10,36,75,255.1,-12,39,58,273.02,-26,53,60,290.99,-24,56,65,320.5,-35,58,64,336.13,-47,65,63,352.27,-74,189,35,368.47,,,,,,,,,,,,,,,,,,,,,,,,,,,,,,,,,,,,,,,,,,,,
20260320_123537,68,?,-9,63,-58,53,56,0,-29,-94,34,37,5,19,37,19,0x28,VDOM|CHOSE_V,20,379.53,0.13,56255.3,56634.83,56634.96,58,68,-15.25,57.95,23.11,6.44,58,68,-58,25,44,68,36.55,18.56,,,25,-14,50,0.0,20,30,58,16.09,20,27,61,45.41,-4,31,54,63.34,-6,34,54,81.24,-1,51,51,111.17,-21,38,44,129.16,-27,38,50,157.35,-23,40,64,174.59,-17,30,65,191.13,-2,19,60,207.36,-9,24,61,223.91,-18,28,68,240.05,-14,43,54,251.84,-4,41,54,285.68,-37,27,65,303.59,-27,48,62,332.04,-46,69,63,332.21,-56,74,65,367.57,-58,53,56,379.53,,,,,,,,,,,,,,,,,,,,,,,,,,,,,,,,,,,,,,,,
20260320_123537,69,?,-9,63,-72,40,62,0,-96,-71,58,47,8,15,58,15,0x28,VDOM|CHOSE_V,21,394.69,15.37,57006.58,57401.27,57416.64,72,71,-17.38,59.67,30.56,4.78,72,71,-72,49,48,71,32.57,11.87,,,18,2,56,0.0,31,23,60,11.64,49,32,64,28.63,28,23,59,45.72,2,33,57,76.75,-15,22,62,92.62,-4,32,48,108.93,-10,36,61,125.77,-19,36,58,157.89,-35,25,71,174.82,-33,21,59,203.52,-31,30,61,203.65,-16,33,55,236.68,-26,36,65,253.75,-13,43,59,269.58,-24,28,63,299.63,-37,62,60,317.42,-49,45,55,335.41,-53,43,64,347.34,-56,39,54,382.54,-72,40,62,394.69,,,,,,,,,,,,,,,,,,,,,,,,,,,,,,,,,,,,
20260320_123537,70,?,-9,63,252,108,88,0,36,-109,63,36,7,27,63,27,0x28,VDOM|CHOSE_V,20,363.55,17.71,57741.25,58104.79,58122.51,252,88,5.25,58.5,64.03,10.76,252,88,-45,252,36,88,32.8,22.84,,,27,4,50,0.0,38,-8,57,0.2,54,12,70,28.03,15,25,52,44.86,8,14,36,62.75,18,33,53,74.7,-1,35,59,110.56,-18,20,58,122.52,-31,36,53,140.3,-42,33,62,173.02,-45,41,49,173.19,-33,39,61,205.03,-28,46,59,222.04,-33,25,69,240.18,-20,30,52,250.91,-18,32,51,285.86,-13,43,55,285.95,-12,48,69,318.48,-13,40,67,334.93,252,108,88,363.55,,,,,,,,,,,,,,,,,,,,,,,,,,,,,,,,,,,,,,,,
20260320_123537,71,?,-9,63,-112,60,52,0,-120,-29,32,31,9,22,32,22,0x28,VDOM|CHOSE_V,17,301.14,33.99,58409.11,58710.25,58744.24,112,72,-21.24,60.71,28.69,7.7,112,72,-112,23,41,72,34.59,12.41,,,23,15,58,0.0,-12,12,41,16.17,2,39,57,32.88,3,28,62,49.7,-3,34,56,61.68,-7,28,68,95.15,-9,31,66,112.16,-7,28,65,129.49,-21,33,64,145.98,-23,38,55,157.75,-30,37,65,193.03,-32,50,72,209.21,-40,48,64,221.14,-29,47,55,255.67,-28,38,71,272.18,-36,22,61,289.27,-112,60,52,301.14,,,,,,,,,,,,,,,,,,,,,,,,,,,,,,,,,,,,,,,,,,,,,,,,,,,,
20260320_123537,72,?,-9,63,-37,38,68,0,-85,-23,15,23,9,16,23,16,0x28,VDOM|CHOSE_V,23,443.15,16.86,59098.19,59541.34,59558.2,37,72,-13.91,62.22,11.06,6.68,37,72,-37,6,47,72,33.78,12.36,,,6,19,63,0.0,-19,36,71,30.05,-9,17,47,47.9,-1,29,57,59.98,-7,35,68,95.69,-10,31,62,95.89,-10,19,58,123.07,-4,26,56,155.35,-7,16,64,172.31,6,20,56,189.2,-19,39,66,206.93,-9,36,70,218.98,-4,27,56,236.34,-17,35,72,254.3,-23,36,53,284.2,-23,34,70,302.27,-16,30,64,319.93,-23,38,66,348.59,-16,41,57,365.79,-32,61,66,383.21,-26,53,66,394.42,-20,61,55,426.42,-37,38,68,443.15,,,,,,,,,,,,,,,,,,,,,,,,,,,,
20260320_123537,73,?,-9,63,-68,-10,67,0,-170,11,17,52,9,11,52,11,0x28,VDOM|CHOSE_V,19,370.96,17.18,59876.02,60246.98,60264.16,68,72,-21.05,63.79,19.41,5.47,68,72,-68,8,52,72,33.21,13.2,,,8,27,62,0.0,-5,26,61,15.39,-17,27,62,48.74,-11,35,65,66.19,-10,37,71,83.16,-12,27,66,112.77,-4,33,63,113.0,-10,27,63,145.32,-24,39,59,162.22,-19,36,69,194.12,-12,28,60,194.3,-3,36,52,227.91,-24,37,60,239.84,-21,32,72,257.21,-29,49,70,292.71,-41,49,54,303.81,-37,51,68,320.36,-61,45,68,353.88,-68,-10,67,370.96,,,,,,,,,,,,,,,,,,,,,,,,,,,,,,,,,,,,,,,,,,,,
20260320_123537,74,?,-9,63,-81,35,48,0,-18,-5,33,29,12,14,33,14,0x28,VDOM|CHOSE_V,21,402.4,15.92,60563.23,60965.63,60981.55,81,75,-15.29,62.29,23.21,7.78,81,75,-81,24,48,75,31.67,11.51,,,24,22,63,0.0,23,33,66,16.96,14,13,62,34.07,1,19,58,67.97,-10,18,60,79.97,-24,24,54,97.33,-18,22,49,127.18,-22,14,55,145.06,-11,26,59,162.52,-2,41,75,195.92,-15,25,68,206.97,-23,31,62,223.14,-8,40,73,241.09,-19,31,71,259.0,-12,42,68,271.04,-16,47,62,306.86,-21,49,58,318.54,-12,48,74,336.42,-38,44,55,367.62,-51,41,68,385.07,-81,35,48,402.4,,,,,,,,,,,,,,,,,,,,,,,,,,,,,,,,,,,,
20260320_123537,75,?,-9,63,-57,46,69,0,-127,-11,46,87,12,10,87,12,0x28,VDOM|CHOSE_V,14,269.09,17.54,61300.66,61569.75,61587.28,96,75,-21.5,62.64,37.15,5.84,96,75,-96,37,53,75,33.0,7.08,,,2,30,63,0.0,37,37,53,29.81,10,37,62,47.73,6,32,68,59.78,-2,34,75,77.64,-20,33,63,112.62,8,28,63,128.56,-8,23,68,139.83,-18,27,59,172.72,-36,42,60,190.64,-53,42,61,207.05,-74,24,56,224.25,-96,27,57,252.69,-57,46,69,269.09,,,,,,,,,,,,,,,,,,,,,,,,,,,,,,,,,,,,,,,,,,,,,,,,,,,,,,,,,,,,,,,,
20260320_123537,76,?,-9,63,-98,74,57,0,-55,-121,30,37,6,24,37,24,0x28,VDOM|CHOSE_V,23,442.73,17.94,61923.7,62366.44,62384.38,98,69,-13.65,57.43,24.92,7.98,98,69,-98,23,39,69,38.13,14.7,,,21,23,39,0.0,23,29,57,29.89,-2,31,58,47.84,-8,28,43,59.79,4,39,57,95.67,0,15,55,95.84,0,25,51,124.13,-6,36,58,141.76,-14,26,46,174.83,-1,27,61,192.09,-8,45,53,207.86,-17,35,53,224.18,-8,32,54,235.47,-4,29,68,270.44,0,43,56,270.59,-8,36,57,303.99,-13,38,64,315.27,-28,40,67,331.48,-26,54,69,365.61,-36,72,68,382.99,-46,58,64,394.9,-39,42,66,412.82,-98,74,57,442.73,,,,,,,,,,,,,,,,,,,,,,,,,,,,
20260320_123537,77,?,-9,63,-48,42,77,0,-32,-14,36,29,7,9,36,9,0x28,VDOM|CHOSE_V,21,414.83,17.1,62673.43,63088.26,63105.35,48,77,-13.24,62.62,17.08,5.78,48,77,-48,27,54,77,34.67,11.7,,,27,12,60,0.0,21,37,58,31.81,-1,26,54,48.36,-7,8,66,76.09,-5,25,54,93.35,-11,42,64,110.59,-3,31,70,127.8,-20,29,62,157.1,-7,38,65,175.03,-23,38,68,192.95,-14,28,61,221.31,-6,34,69,221.43,-15,35,63,254.27,-23,23,60,270.76,-10,43,59,288.03,-17,41,63,315.89,-23,45,57,333.08,-27,52,55,365.86,-28,53,62,381.79,-38,46,68,398.15,-48,42,77,414.83,,,,,,,,,,,,,,,,,,,,,,,,,,,,,,,,,,,,
20260320_123537,78,?,-9,63,-70,40,76,0,-95,-11,24,31,12,16,31,16,0x28,VDOM|CHOSE_V,19,351.79,16.2,63388.53,63740.33,63756.53,70,76,-17.68,63.53,19.06,7.36,70,76,-70,15,47,76,34.79,12.14,,,15,11,69,0.0,7,41,59,16.18,-1,18,68,32.39,-3,38,65,50.33,2,22,62,66.14,-3,28,47,98.9,-17,22,60,115.8,-16,33,65,143.67,-21,33,60,161.68,-26,32,64,177.94,-17,35,53,195.72,-20,24,63,212.82,-28,48,67,239.61,-18,34,71,273.6,-29,54,54,273.71,-19,53,60,306.76,-32,44,75,324.72,-40,51,69,335.61,-70,40,76,351.79,,,,,,,,,,,,,,,,,,,,,,,,,,,,,,,,,,,,,,,,,,,,
20260320_123537,79,?,-9,63,-55,52,61,0,-1,-16,38,18,12,13,38,13,0x28,VDOM|CHOSE_V,23,434.11,16.55,64028.15,64462.26,64478.8,55,75,-11.91,61.96,15.85,7.28,55,75,-55,29,50,75,34.78,10.47,,,29,25,69,0.0,9,29,68,17.11,-2,35,60,33.64,-12,32,59,65.37,-25,35,53,81.89,-8,25,53,98.31,2,25,50,131.01,-21,36,62,142.52,-17,37,71,160.19,-7,31,74,176.12,-2,30,55,210.07,1,12,56,226.58,-14,36,67,243.63,-10,45,62,254.18,-21,35,54,289.07,-10,29,59,306.95,-4,25,59,336.41,-16,36,75,353.91,-24,40,60,371.78,-18,41,61,371.86,-22,63,62,416.12,-27,46,75,416.3,-55,52,61,434.11,,,,,,,,,,,,,,,,,,,,,,,,,,,,
20260320_123537,80,?,-9,63,-27,28,64,0,-190,-83,53,39,7,13,53,13,0x28,VDOM|CHOSE_V,24,463.74,17.23,64748.34,65212.09,65229.32,48,74,-18.54,59.71,19.35,6.75,48,74,-48,44,50,74,32.25,9.33,,,44,33,59,0.0,0,33,52,16.2,-4,42,50,50.59,-3,22,50,62.54,-17,34,64,80.44,-6,23,59,98.42,3,21,53,110.39,-6,18,64,145.49,-18,29,63,156.76,-32,48,70,172.91,-9,31,56,204.95,-27,16,60,221.44,-28,35,51,237.83,-33,37,60,255.41,-32,35,51,289.06,-23,52,60,305.32,-20,49,55,338.03,-25,39,63,338.19,-32,34,64,349.26,-47,29,68,383.01,-19,24,74,416.85,-36,32,68,428.14,-48,30,55,445.81,-27,28,64,463.74,,,,,,,,,,,,,,,,,,,,,,,,
20260320_123537,81,?,-9,63,-38,37,64,0,-96,11,23,31,12,13,31,13,0x28,VDOM|CHOSE_V,21,398.93,17.73,65464.85,65863.78,65881.52,40,75,-15.0,64.33,13.52,7.48,40,75,-40,14,50,75,34.29,9.81,,,7,34,67,0.0,14,31,71,16.49,-5,22,75,49.35,-2,29,68,66.5,-15,33,68,99.16,-21,40,53,99.32,-12,28,59,128.25,-32,34,57,145.26,-17,37,65,161.52,-22,29,63,195.83,-10,23,61,207.7,-4,29,74,241.38,-21,27,73,241.47,-6,28,60,258.82,-18,26,59,287.06,-14,32,50,304.36,-11,41,54,339.13,-18,62,72,339.26,-30,54,75,351.06,-40,44,63,386.94,-38,37,64,398.93,,,,,,,,,,,,,,,,,,,,,,,,,,,,,,,,,,,,
20260320_123537,82,?,-9,63,-99,-22,78,0,-36,5,23,27,16,17,27,17,0x28,VDOM|CHOSE_V,27,542.92,16.26,66166.57,66709.49,66725.75,67,79,-12.44,63.04,16.51,7.47,67,79,-67,14,46,79,37.26,12.18,,,11,13,55,0.0,11,33,51,17.96,14,46,71,50.78,-26,41,61,68.68,0,33,56,80.4,-10,47,60,97.42,-9,24,62,114.86,-1,26,60,149.39,-13,39,67,161.35,-8,25,59,208.8,-24,32,63,208.92,-12,33,66,226.27,-12,27,79,243.84,-15,34,55,260.24,-18,31,46,287.67,3,19,57,305.02,0,17,56,322.47,-20,41,75,337.83,-8,44,66,367.74,-11,40,70,383.67,-13,49,70,400.34,-6,51,65,417.15,-11,43,71,451.32,-20,50,70,462.98,-35,58,64,480.97,-36,55,64,516.35,-67,55,63,542.92,,,,,,,,,,,,
20260320_123537,83,?,-9,63,-67,47,54,0,-86,-18,17,32,9,18,32,18,0x28,VDOM|CHOSE_V,27,511.88,16.5,66997.68,67509.56,67526.05,67,72,-16.74,61.85,17.81,7.0,67,72,-67,8,45,72,34.33,14.72,,,-38,-13,50,0.0,6,46,63,0.07,8,25,60,34.34,2,30,45,82.36,4,31,51,82.47,4,25,57,100.32,-4,19,69,112.23,-13,17,62,148.22,-25,30,63,160.2,-20,44,68,178.04,0,24,72,195.94,-18,36,70,225.85,-14,34,62,243.78,-18,32,66,255.9,-13,34,59,272.42,-11,42,60,288.53,-4,26,64,318.45,-18,34,65,336.38,-23,39,71,354.32,-12,30,58,371.95,-23,37,69,383.81,-9,46,72,416.55,-20,49,67,433.01,-36,67,57,450.37,-41,57,60,479.63,-49,39,56,496.06,-67,47,54,511.88,,,,,,,,,,,,
20260320_123537,84,?,-9,63,-57,38,69,0,-78,-29,19,31,10,12,31,12,0x28,VDOM|CHOSE_V,23,449.71,17.07,67779.33,68229.04,68246.11,57,73,-15.57,61.48,15.81,6.56,57,73,-57,10,51,73,32.52,8.88,,,8,5,61,0.0,10,28,57,35.9,6,31,57,47.84,-6,32,55,82.78,-16,31,51,111.8,-22,25,55,111.87,-7,25,62,127.9,-2,23,56,161.44,-11,30,54,179.24,-8,35,60,196.16,-10,33,73,208.02,-16,33,61,225.39,-9,34,52,260.16,-18,31,71,276.39,-10,36,63,288.24,-17,36,70,305.13,-14,48,65,337.17,-27,30,58,370.73,-22,35,62,388.91,-34,39,66,400.96,-36,39,63,417.32,-40,51,73,432.66,-57,38,69,449.71,,,,,,,,,,,,,,,,,,,,,,,,,,,,
20260320_123537,85,?,-9,63,-42,75,70,0,-23,2,21,24,13,10,24,13,0x28,VDOM|CHOSE_V,26,496.3,17.96,68515.89,69012.19,69030.15,42,76,-11.81,63.31,12.81,6.07,42,76,-42,12,53,76,33.85,13.23,,,-7,24,66,0.0,12,30,76,16.58,-2,34,56,34.32,0,40,59,66.84,1,37,67,78.73,-5,40,66,96.15,-5,26,68,113.15,-8,22,65,141.44,-2,29,65,158.26,3,14,75,174.56,0,19,65,192.51,-11,37,60,208.39,-17,36,68,237.23,1,36,62,253.29,-11,27,57,287.48,-12,29,57,305.4,-12,28,65,335.39,-19,16,53,335.55,-15,26,70,353.25,-30,26,65,383.11,-25,38,57,401.11,-28,40,54,418.51,-16,43,63,430.54,-24,46,60,448.42,-33,62,57,478.31,-42,75,70,496.3,,,,,,,,,,,,,,,,
20260320_123537,86,?,-9,63,-105,28,59,0,-93,-19,22,86,6,11,86,11,0x28,VDOM|CHOSE_V,16,304.42,0.15,69315.98,69620.4,69620.55,105,69,-21.19,61.31,36.43,4.5,105,69,-105,16,52,69,35.88,6.98,,,16,37,65,0.0,9,36,61,11.89,13,35,63,47.78,-17,28,65,59.7,7,37,59,77.67,0,43,56,95.61,-1,36,69,125.01,-7,18,67,142.94,-2,41,60,160.89,-9,43,62,172.89,-20,42,61,208.73,-32,40,55,220.69,-44,38,65,238.64,-52,43,62,256.6,-95,29,52,268.55,-105,28,59,304.42,,,,,,,,,,,,,,,,,,,,,,,,,,,,,,,,,,,,,,,,,,,,,,,,,,,,,,,,
20260320_123537,87,?,-9,63,-112,24,56,0,-158,-53,7,51,4,14,51,14,0x28,VDOM|CHOSE_V,18,352.19,35.84,69983.18,70335.37,70371.21,166,67,-28.72,57.78,38.29,6.86,166,67,-166,-2,41,67,36.72,13.48,,,-29,17,50,0.0,-9,27,64,35.89,-2,35,61,47.89,-12,32,51,83.73,-12,24,49,95.75,-14,28,62,113.63,-10,28,62,131.66,-13,33,58,143.53,-5,27,67,179.4,-10,23,62,191.35,-20,39,54,208.6,-12,40,66,226.54,-11,34,61,256.44,-30,51,63,274.56,-46,47,55,292.37,-60,70,54,304.46,-56,53,60,340.17,-166,53,41,352.19,,,,,,,,,,,,,,,,,,,,,,,,,,,,,,,,,,,,,,,,,,,,,,,,
20260320_123537,88,?,-9,63,-55,61,67,0,-159,69,13,43,16,6,43,16,0x28,VDOM|CHOSE_V,21,397.56,17.31,70738.44,71136.0,71153.31,55,79,-19.05,65.95,17.31,7.0,55,79,-55,16,57,79,35.48,11.76,,,16,9,62,0.0,4,30,69,11.87,-3,28,60,47.76,-9,32,57,59.72,-8,30,70,95.63,-15,29,60,107.59,0,42,60,125.55,-13,37,73,143.62,-12,29,58,155.62,-22,35,71,172.99,-16,40,61,205.7,-27,31,66,222.28,-20,52,60,238.05,-17,47,79,254.45,-26,50,78,270.41,-41,32,63,286.81,-23,20,59,314.08,-33,26,78,330.7,-52,37,63,347.47,-28,48,71,381.36,-55,61,67,397.56,,,,,,,,,,,,,,,,,,,,,,,,,,,,,,,,,,,,
20260320_123537,89,?,-9,63,-61,58,67,0,-96,12,6,29,8,13,29,13,0x28,VDOM|CHOSE_V,23,448.83,0.08,71438.21,71887.04,71887.12,61,85,-15.7,63.57,16.16,7.64,61,85,-61,19,50,85,37.35,12.27,,,19,26,55,0.0,-6,31,63,17.61,-13,26,52,46.58,-10,50,63,46.71,-8,38,63,80.15,-15,43,68,96.99,-1,38,85,125.44,-8,20,69,141.66,-14,29,59,158.21,-3,29,67,176.13,-15,28,68,192.41,-15,30,64,207.82,-15,33,71,240.62,-9,30,62,256.82,-6,27,61,290.18,-18,38,59,302.1,-15,39,63,318.57,-30,29,68,353.86,-9,40,71,365.0,-38,60,51,382.93,-26,50,50,400.83,-45,67,63,412.81,-61,58,67,448.83,,,,,,,,,,,,,,,,,,,,,,,,,,,,
